{
	"name": "ls_deltalake",
	"properties": {
		"annotations": [],
		"type": "AzureDatabricksDeltaLake",
		"typeProperties": {
			"domain": "https://adb-2941397572669135.15.azuredatabricks.net",
			"clusterId": "1116-171801-b5uxio83",
			"workspaceResourceId": "/subscriptions/6dc1d257-cc24-43cd-adf2-4ba02eb18fb9/resourceGroups/tele_project/providers/Microsoft.Databricks/workspaces/tele-databricks"
		},
		"connectVia": {
			"referenceName": "ir-sh",
			"type": "IntegrationRuntimeReference"
		}
	}
}