{
	"name": "ls_gcs",
	"properties": {
		"annotations": [],
		"type": "GoogleCloudStorage",
		"typeProperties": {
			"serviceUrl": "https://storage.googleapis.com",
			"accessKeyId": "GOOG1EX76ZCIXHPGTT536ZKPGLGAELL55KM2ZH6SORANDRLRXGSXAI3TKJCJ3",
			"secretAccessKey": {
				"type": "AzureKeyVaultSecret",
				"store": {
					"referenceName": "ls_keyvault",
					"type": "LinkedServiceReference"
				},
				"secretName": "gcp-secrets"
			}
		},
		"connectVia": {
			"referenceName": "ir-sh",
			"type": "IntegrationRuntimeReference"
		}
	}
}