{
	"name": "ls_MySql1",
	"properties": {
		"parameters": {
			"server_name": {
				"type": "string"
			},
			"port": {
				"type": "string"
			},
			"database_name": {
				"type": "string"
			},
			"user_name": {
				"type": "string"
			},
			"secret_name": {
				"type": "string"
			}
		},
		"annotations": [],
		"type": "MySql",
		"typeProperties": {
			"server": "@{linkedService().server_name}",
			"port": "@{linkedService().port}",
			"database": "@{linkedService().database_name}",
			"username": "@{linkedService().user_name}",
			"sslMode": 0,
			"password": {
				"type": "AzureKeyVaultSecret",
				"store": {
					"referenceName": "ls_keyvault",
					"type": "LinkedServiceReference"
				},
				"secretName": {
					"value": "@linkedService().secret_name",
					"type": "Expression"
				}
			},
			"driverVersion": "v2"
		},
		"connectVia": {
			"referenceName": "ir-sh",
			"type": "IntegrationRuntimeReference"
		}
	},
	"type": "Microsoft.DataFactory/factories/linkedservices"
}