{
	"name": "ls_Sftp1",
	"properties": {
		"parameters": {
			"host_name": {
				"type": "string"
			},
			"port": {
				"type": "string"
			},
			"user_name": {
				"type": "string"
			},
			"secret": {
				"type": "string"
			}
		},
		"annotations": [],
		"type": "Sftp",
		"typeProperties": {
			"host": "@{linkedService().host_name}",
			"port": "@linkedService().port",
			"skipHostKeyValidation": true,
			"authenticationType": "Basic",
			"userName": "@{linkedService().user_name}",
			"password": {
				"type": "AzureKeyVaultSecret",
				"store": {
					"referenceName": "ls_keyvault",
					"type": "LinkedServiceReference"
				},
				"secretName": {
					"value": "@linkedService().secret",
					"type": "Expression"
				}
			}
		},
		"connectVia": {
			"referenceName": "ir-sh",
			"type": "IntegrationRuntimeReference"
		}
	}
}