{
	"name": "ds_gcp",
	"properties": {
		"linkedServiceName": {
			"referenceName": "ls_gcs",
			"type": "LinkedServiceReference"
		},
		"parameters": {
			"bucket": {
				"type": "string"
			},
			"file": {
				"type": "string"
			},
			"folder": {
				"type": "string"
			}
		},
		"annotations": [],
		"type": "DelimitedText",
		"typeProperties": {
			"location": {
				"type": "GoogleCloudStorageLocation",
				"bucketName": {
					"value": "@dataset().bucket",
					"type": "Expression"
				},
				"folderPath": {
					"value": "@dataset().folder",
					"type": "Expression"
				},
				"fileName": {
					"value": "@dataset().file",
					"type": "Expression"
				}
			},
			"columnDelimiter": ",",
			"escapeChar": "\\",
			"firstRowAsHeader": true,
			"quoteChar": "\""
		},
		"schema": []
	}
}