{
	"name": "ds_MySqlTable1",
	"properties": {
		"linkedServiceName": {
			"referenceName": "ls_MySql1",
			"type": "LinkedServiceReference",
			"parameters": {
				"server_name": {
					"value": "@dataset().server_name",
					"type": "Expression"
				},
				"port": {
					"value": "@dataset().port",
					"type": "Expression"
				},
				"database_name": {
					"value": "@dataset().database_name",
					"type": "Expression"
				},
				"user_name": {
					"value": "@dataset().user_name",
					"type": "Expression"
				},
				"secret_name": {
					"value": "@dataset().secret",
					"type": "Expression"
				}
			}
		},
		"parameters": {
			"server_name": {
				"type": "string"
			},
			"port": {
				"type": "string"
			},
			"user_name": {
				"type": "string"
			},
			"database_name": {
				"type": "string"
			},
			"secret": {
				"type": "string"
			}
		},
		"annotations": [],
		"type": "MySqlTable",
		"schema": []
	}
}