{
	"name": "ds_sftp",
	"properties": {
		"linkedServiceName": {
			"referenceName": "ls_Sftp1",
			"type": "LinkedServiceReference",
			"parameters": {
				"host_name": {
					"value": "@dataset().host_name",
					"type": "Expression"
				},
				"port": {
					"value": "@dataset().port",
					"type": "Expression"
				},
				"user_name": {
					"value": "@dataset().user_name",
					"type": "Expression"
				},
				"secret": {
					"value": "@dataset().secret",
					"type": "Expression"
				}
			}
		},
		"parameters": {
			"host_name": {
				"type": "string"
			},
			"port": {
				"type": "string"
			},
			"user_name": {
				"type": "string"
			},
			"secret": {
				"type": "string"
			},
			"source_file_path": {
				"type": "string"
			},
			"file": {
				"type": "string"
			}
		},
		"annotations": [],
		"type": "DelimitedText",
		"typeProperties": {
			"location": {
				"type": "SftpLocation",
				"fileName": {
					"value": "@dataset().file",
					"type": "Expression"
				},
				"folderPath": {
					"value": "@dataset().source_file_path",
					"type": "Expression"
				}
			},
			"columnDelimiter": ",",
			"escapeChar": "\\",
			"firstRowAsHeader": true,
			"quoteChar": "\""
		},
		"schema": []
	}
}