{
	"name": "1a_dim_tele_pipeline",
	"properties": {
		"activities": [
			{
				"name": "Lookup1",
				"type": "Lookup",
				"dependsOn": [],
				"policy": {
					"timeout": "0.12:00:00",
					"retry": 0,
					"retryIntervalInSeconds": 30,
					"secureOutput": false,
					"secureInput": false
				},
				"userProperties": [],
				"typeProperties": {
					"source": {
						"type": "AzureDatabricksDeltaLakeSource",
						"query": {
							"value": "@concat('select param.*, control.* from metadata_schema.tbl_source_controls as control, metadata_schema.tbl_parameters as param where job_id=',pipeline().parameters.job_id)",
							"type": "Expression"
						}
					},
					"dataset": {
						"referenceName": "ds_deltalake",
						"type": "DatasetReference"
					},
					"firstRowOnly": false
				}
			},
			{
				"name": "get source file name",
				"type": "GetMetadata",
				"dependsOn": [
					{
						"activity": "Lookup1",
						"dependencyConditions": [
							"Succeeded"
						]
					}
				],
				"policy": {
					"timeout": "0.12:00:00",
					"retry": 0,
					"retryIntervalInSeconds": 30,
					"secureOutput": false,
					"secureInput": false
				},
				"userProperties": [],
				"typeProperties": {
					"dataset": {
						"referenceName": "ds_gcp",
						"type": "DatasetReference",
						"parameters": {
							"bucket": {
								"value": "@activity('Lookup1').output.value[0].gcp_source_bucket",
								"type": "Expression"
							},
							"folder": {
								"value": "@activity('Lookup1').output.value[0].source_file_path",
								"type": "Expression"
							},
							"file": "*"
						}
					},
					"fieldList": [
						"childItems"
					],
					"storeSettings": {
						"type": "GoogleCloudStorageReadSettings",
						"recursive": true,
						"modifiedDatetimeStart": {
							"value": "@convertToUtc(activity('Lookup1').output.value[0].watermark_column, 'India Standard Time')",
							"type": "Expression"
						},
						"enablePartitionDiscovery": false
					},
					"formatSettings": {
						"type": "DelimitedTextReadSettings"
					}
				}
			},
			{
				"name": "file count check",
				"type": "IfCondition",
				"dependsOn": [
					{
						"activity": "get source file name",
						"dependencyConditions": [
							"Succeeded"
						]
					}
				],
				"userProperties": [],
				"typeProperties": {
					"expression": {
						"value": "@greater(length(activity('get source file name').output.childItems),0)",
						"type": "Expression"
					},
					"ifFalseActivities": [
						{
							"name": "no_file_log",
							"type": "DatabricksNotebook",
							"dependsOn": [],
							"policy": {
								"timeout": "0.12:00:00",
								"retry": 0,
								"retryIntervalInSeconds": 30,
								"secureOutput": false,
								"secureInput": false
							},
							"userProperties": [],
							"typeProperties": {
								"notebookPath": "/databricks_notebook/log_record_tbl_insert",
								"baseParameters": {
									"env": {
										"value": "@pipeline().globalParameters.env",
										"type": "Expression"
									},
									"loadId": {
										"value": "@pipeline().RunId",
										"type": "Expression"
									},
									"logMessage": {
										"value": "'No file available to ingest'",
										"type": "Expression"
									},
									"logTimeStamp": {
										"value": "@formatDateTime(convertFromUtc(utcNow(),'India Standard Time' ),'yyyy-MM-dd HH:mm:ss')",
										"type": "Expression"
									},
									"pipeLineName": {
										"value": "@pipeline().Pipeline",
										"type": "Expression"
									},
									"status": {
										"value": "Failure",
										"type": "Expression"
									},
									"triggerType": {
										"value": "@pipeline().TriggerType",
										"type": "Expression"
									}
								}
							},
							"linkedServiceName": {
								"referenceName": "ls_compute",
								"type": "LinkedServiceReference"
							}
						},
						{
							"name": "Fail1",
							"type": "Fail",
							"dependsOn": [
								{
									"activity": "no_file_log",
									"dependencyConditions": [
										"Succeeded"
									]
								}
							],
							"userProperties": [],
							"typeProperties": {
								"message": {
									"value": "'no file available'",
									"type": "Expression"
								},
								"errorCode": {
									"value": "'error: no file available'",
									"type": "Expression"
								}
							}
						}
					]
				}
			},
			{
				"name": "file name check",
				"type": "Filter",
				"dependsOn": [
					{
						"activity": "file count check",
						"dependencyConditions": [
							"Succeeded"
						]
					}
				],
				"userProperties": [],
				"typeProperties": {
					"items": {
						"value": "@activity('get source file name').output.childItems",
						"type": "Expression"
					},
					"condition": {
						"value": "@and(startswith(item().name,'telecom_dim'),endswith(item().name,'.csv'))",
						"type": "Expression"
					}
				}
			},
			{
				"name": "correct file check",
				"type": "IfCondition",
				"dependsOn": [
					{
						"activity": "file name check",
						"dependencyConditions": [
							"Succeeded"
						]
					}
				],
				"userProperties": [],
				"typeProperties": {
					"expression": {
						"value": "@greater(length(activity('file name check').output.value),0)\n\n",
						"type": "Expression"
					},
					"ifFalseActivities": [
						{
							"name": "no proper format",
							"type": "DatabricksNotebook",
							"dependsOn": [],
							"policy": {
								"timeout": "0.12:00:00",
								"retry": 0,
								"retryIntervalInSeconds": 30,
								"secureOutput": false,
								"secureInput": false
							},
							"userProperties": [],
							"typeProperties": {
								"notebookPath": "/databricks_notebook/log_record_tbl_insert",
								"baseParameters": {
									"env": {
										"value": "@pipeline().globalParameters.env",
										"type": "Expression"
									},
									"loadId": {
										"value": "@pipeline().RunId",
										"type": "Expression"
									},
									"logMessage": {
										"value": "'No proper format file available to ingest'",
										"type": "Expression"
									},
									"logTimeStamp": {
										"value": "@formatDateTime(convertFromUtc(utcNow(),'India Standard Time' ),'yyyy-MM-dd HH:mm:ss')",
										"type": "Expression"
									},
									"pipeLineName": {
										"value": "@pipeline().Pipeline",
										"type": "Expression"
									},
									"status": {
										"value": "Failure",
										"type": "Expression"
									},
									"triggerType": {
										"value": "@pipeline().TriggerType",
										"type": "Expression"
									}
								}
							},
							"linkedServiceName": {
								"referenceName": "ls_compute",
								"type": "LinkedServiceReference"
							}
						},
						{
							"name": "no proper format2",
							"type": "Fail",
							"dependsOn": [
								{
									"activity": "no proper format",
									"dependencyConditions": [
										"Succeeded"
									]
								}
							],
							"userProperties": [],
							"typeProperties": {
								"message": {
									"value": "'proper format and extension not available'",
									"type": "Expression"
								},
								"errorCode": {
									"value": "'Error: file format'",
									"type": "Expression"
								}
							}
						}
					]
				}
			},
			{
				"name": "ForEach1",
				"type": "ForEach",
				"dependsOn": [
					{
						"activity": "correct file check",
						"dependencyConditions": [
							"Succeeded"
						]
					}
				],
				"userProperties": [],
				"typeProperties": {
					"items": {
						"value": "@activity('file name check').output.value",
						"type": "Expression"
					},
					"isSequential": true,
					"activities": [
						{
							"name": "Copy data1",
							"type": "Copy",
							"dependsOn": [
								{
									"activity": "meta-fullload",
									"dependencyConditions": [
										"Succeeded"
									]
								}
							],
							"policy": {
								"timeout": "0.12:00:00",
								"retry": 0,
								"retryIntervalInSeconds": 30,
								"secureOutput": false,
								"secureInput": false
							},
							"userProperties": [],
							"typeProperties": {
								"source": {
									"type": "DelimitedTextSource",
									"storeSettings": {
										"type": "GoogleCloudStorageReadSettings",
										"recursive": true,
										"enablePartitionDiscovery": false
									},
									"formatSettings": {
										"type": "DelimitedTextReadSettings"
									}
								},
								"sink": {
									"type": "DelimitedTextSink",
									"storeSettings": {
										"type": "AzureBlobFSWriteSettings"
									},
									"formatSettings": {
										"type": "DelimitedTextWriteSettings",
										"quoteAllText": true,
										"fileExtension": ".txt"
									}
								},
								"enableStaging": false,
								"translator": {
									"type": "TabularTranslator",
									"typeConversion": true,
									"typeConversionSettings": {
										"allowDataTruncation": true,
										"treatBooleanAsNumber": false
									}
								}
							},
							"inputs": [
								{
									"referenceName": "ds_gcp",
									"type": "DatasetReference",
									"parameters": {
										"bucket": {
											"value": "@activity('Lookup1').output.value[0].gcp_source_bucket",
											"type": "Expression"
										},
										"file": {
											"value": "@item().name",
											"type": "Expression"
										},
										"folder": {
											"value": "@activity('Lookup1').output.value[0].source_file_path",
											"type": "Expression"
										}
									}
								}
							],
							"outputs": [
								{
									"referenceName": "ds_adls",
									"type": "DatasetReference",
									"parameters": {
										"file_name": {
											"value": "@item().name",
											"type": "Expression"
										},
										"container": {
											"value": "@activity('Lookup1').output.value[0].container_name",
											"type": "Expression"
										}
									}
								}
							]
						},
						{
							"name": "meta-fullload",
							"type": "GetMetadata",
							"dependsOn": [],
							"policy": {
								"timeout": "0.12:00:00",
								"retry": 0,
								"retryIntervalInSeconds": 30,
								"secureOutput": false,
								"secureInput": false
							},
							"userProperties": [],
							"typeProperties": {
								"dataset": {
									"referenceName": "ds_gcp",
									"type": "DatasetReference",
									"parameters": {
										"bucket": {
											"value": "@activity('Lookup1').output.value[0].gcp_source_bucket",
											"type": "Expression"
										},
										"file": {
											"value": "@item().name",
											"type": "Expression"
										},
										"folder": {
											"value": "@activity('Lookup1').output.value[0].source_file_path",
											"type": "Expression"
										}
									}
								},
								"fieldList": [
									"lastModified"
								],
								"storeSettings": {
									"type": "GoogleCloudStorageReadSettings",
									"recursive": true,
									"modifiedDatetimeStart": {
										"value": "@activity('Lookup1').output.value[0].watermark_column",
										"type": "Expression"
									},
									"enablePartitionDiscovery": false
								},
								"formatSettings": {
									"type": "DelimitedTextReadSettings"
								}
							}
						},
						{
							"name": "copy_sucess_log",
							"type": "DatabricksNotebook",
							"dependsOn": [
								{
									"activity": "Copy data1",
									"dependencyConditions": [
										"Succeeded"
									]
								}
							],
							"policy": {
								"timeout": "0.12:00:00",
								"retry": 0,
								"retryIntervalInSeconds": 30,
								"secureOutput": false,
								"secureInput": false
							},
							"userProperties": [],
							"typeProperties": {
								"notebookPath": "/databricks_notebook/log_record_tbl_insert",
								"baseParameters": {
									"env": {
										"value": "@pipeline().globalParameters.env",
										"type": "Expression"
									},
									"loadId": {
										"value": "@pipeline().RunId",
										"type": "Expression"
									},
									"logMessage": {
										"value": "@concat('Copied file ',item().name,' to landing')",
										"type": "Expression"
									},
									"logTimeStamp": {
										"value": "@formatDateTime(convertFromUtc(utcNow(),'India Standard Time' ),'yyyy-MM-dd HH:mm:ss')",
										"type": "Expression"
									},
									"pipeLineName": {
										"value": "@pipeline().Pipeline",
										"type": "Expression"
									},
									"status": {
										"value": "success",
										"type": "Expression"
									},
									"triggerType": {
										"value": "@pipeline().TriggerType",
										"type": "Expression"
									}
								}
							},
							"linkedServiceName": {
								"referenceName": "ls_compute",
								"type": "LinkedServiceReference"
							}
						},
						{
							"name": "copy_fail_log",
							"type": "DatabricksNotebook",
							"dependsOn": [
								{
									"activity": "Copy data1",
									"dependencyConditions": [
										"Failed"
									]
								}
							],
							"policy": {
								"timeout": "0.12:00:00",
								"retry": 0,
								"retryIntervalInSeconds": 30,
								"secureOutput": false,
								"secureInput": false
							},
							"userProperties": [],
							"typeProperties": {
								"notebookPath": "/databricks_notebook/log_record_tbl_insert",
								"baseParameters": {
									"env": {
										"value": "@pipeline().globalParameters.env",
										"type": "Expression"
									},
									"loadId": {
										"value": "@pipeline().RunId",
										"type": "Expression"
									},
									"logMessage": {
										"value": "@concat('Error: ',activity('Copy data1').error.message)",
										"type": "Expression"
									},
									"logTimeStamp": {
										"value": "@formatDateTime(convertFromUtc(utcNow(),'India Standard Time' ),'yyyy-MM-dd HH:mm:ss')",
										"type": "Expression"
									},
									"pipeLineName": {
										"value": "@pipeline().Pipeline",
										"type": "Expression"
									},
									"status": {
										"value": "Failure",
										"type": "Expression"
									},
									"triggerType": {
										"value": "@pipeline().TriggerType",
										"type": "Expression"
									}
								}
							},
							"linkedServiceName": {
								"referenceName": "ls_compute",
								"type": "LinkedServiceReference"
							}
						},
						{
							"name": "lastmodified",
							"type": "DatabricksNotebook",
							"dependsOn": [
								{
									"activity": "Execute Pipeline1",
									"dependencyConditions": [
										"Succeeded"
									]
								}
							],
							"policy": {
								"timeout": "0.12:00:00",
								"retry": 0,
								"retryIntervalInSeconds": 30,
								"secureOutput": false,
								"secureInput": false
							},
							"userProperties": [],
							"typeProperties": {
								"notebookPath": "/databricks_notebook/dbx_update_watermark_column",
								"baseParameters": {
									"job_id": {
										"value": "@activity('Lookup1').output.value[0].job_id",
										"type": "Expression"
									},
									"gcp_file_last_modified_time": {
										"value": "@convertFromUtc(addSeconds(activity('meta-fullload').output.lastModified,1),'India Standard Time','yyyy-MM-dd HH:mm:ss')",
										"type": "Expression"
									}
								}
							},
							"linkedServiceName": {
								"referenceName": "ls_compute",
								"type": "LinkedServiceReference"
							}
						},
						{
							"name": "Execute Pipeline1",
							"type": "ExecutePipeline",
							"dependsOn": [
								{
									"activity": "Copy data1",
									"dependencyConditions": [
										"Succeeded"
									]
								}
							],
							"policy": {
								"secureInput": false
							},
							"userProperties": [],
							"typeProperties": {
								"pipeline": {
									"referenceName": "1b_sub_dim_landing_to_raw",
									"type": "PipelineReference"
								},
								"waitOnCompletion": true,
								"parameters": {
									"metadata_lookup_values": {
										"value": "@activity('Lookup1').output.value[0]",
										"type": "Expression"
									},
									"last_modified_time": {
										"value": "@activity('meta-fullload').output.lastModified",
										"type": "Expression"
									},
									"source_file_name": {
										"value": "@item().name",
										"type": "Expression"
									}
								}
							}
						}
					]
				}
			}
		],
		"parameters": {
			"job_id": {
				"type": "string",
				"defaultValue": "201"
			}
		},
		"annotations": []
	}
}