{
	"name": "1b_sub_dim_landing_to_raw",
	"properties": {
		"activities": [
			{
				"name": "landing_to_raw",
				"type": "DatabricksNotebook",
				"dependsOn": [],
				"policy": {
					"timeout": "0.12:00:00",
					"retry": 0,
					"retryIntervalInSeconds": 30,
					"secureOutput": false,
					"secureInput": false
				},
				"userProperties": [],
				"typeProperties": {
					"notebookPath": "/databricks_notebook/dim_landing_to_raw",
					"baseParameters": {
						"LoadID": {
							"value": "@pipeline()?.TriggeredByPipelineRunId",
							"type": "Expression"
						},
						"container": {
							"value": "@pipeline().parameters.metadata_lookup_values.container_name",
							"type": "Expression"
						},
						"gcp_file_last_modified_time": {
							"value": "@pipeline().parameters.last_modified_time",
							"type": "Expression"
						},
						"raw_schema": {
							"value": "@pipeline().parameters.metadata_lookup_values.raw_schema",
							"type": "Expression"
						},
						"raw_table": {
							"value": "@pipeline().parameters.metadata_lookup_values.raw_tbl",
							"type": "Expression"
						},
						"source_file_name": {
							"value": "@pipeline().parameters.source_file_name",
							"type": "Expression"
						},
						"storage_account_name": {
							"value": "@pipeline().parameters.metadata_lookup_values.storage_account",
							"type": "Expression"
						}
					}
				},
				"linkedServiceName": {
					"referenceName": "ls_compute",
					"type": "LinkedServiceReference"
				}
			}
		],
		"parameters": {
			"metadata_lookup_values": {
				"type": "object"
			},
			"last_modified_time": {
				"type": "string"
			},
			"source_file_name": {
				"type": "string"
			}
		},
		"annotations": []
	}
}