{
	"name": "fmcg_silver_to_gold",
	"properties": {
		"activities": [
			{
				"name": "silver_to_gold",
				"type": "DatabricksNotebook",
				"dependsOn": [],
				"policy": {
					"timeout": "0.12:00:00",
					"retry": 0,
					"retryIntervalInSeconds": 30,
					"secureOutput": false,
					"secureInput": false
				},
				"userProperties": [],
				"typeProperties": {
					"notebookPath": "/fmcg_notebook/silver to gold ingestion",
					"baseParameters": {
						"LoadID": {
							"value": "@pipeline()?.TriggeredByPipelineRunId",
							"type": "Expression"
						},
						"gold_schema": {
							"value": "@pipeline().parameters.metadata_value.gold_schema",
							"type": "Expression"
						},
						"gold_table": {
							"value": "@pipeline().parameters.metadata_value.gold_tbl",
							"type": "Expression"
						},
						"silver_schema": {
							"value": "@pipeline().parameters.metadata_value.silver_schema",
							"type": "Expression"
						},
						"silver_table": {
							"value": "@pipeline().parameters.metadata_value.silver_tbl",
							"type": "Expression"
						},
						"source": {
							"value": "@pipeline().parameters.metadata_value.source_ref_id",
							"type": "Expression"
						}
					}
				},
				"linkedServiceName": {
					"referenceName": "ls_compute",
					"type": "LinkedServiceReference"
				}
			},
			{
				"name": "copy_success",
				"type": "DatabricksNotebook",
				"dependsOn": [
					{
						"activity": "silver_to_gold",
						"dependencyConditions": [
							"Succeeded"
						]
					}
				],
				"policy": {
					"timeout": "0.12:00:00",
					"retry": 0,
					"retryIntervalInSeconds": 30,
					"secureOutput": false,
					"secureInput": false
				},
				"userProperties": [],
				"typeProperties": {
					"notebookPath": "/fmcg_notebook/log_record_tbl_insert",
					"baseParameters": {
						"env": {
							"value": "@pipeline().globalParameters.env",
							"type": "Expression"
						},
						"pipeLineName": {
							"value": "@pipeline().Pipeline",
							"type": "Expression"
						},
						"logMessage": {
							"value": "@concat('copied ',pipeline().parameters.metadata_value.source_file_or_table_name,' to gold')",
							"type": "Expression"
						},
						"status": {
							"value": "sucess",
							"type": "Expression"
						},
						"triggerType": {
							"value": "@pipeline().TriggerType",
							"type": "Expression"
						},
						"loadId": {
							"value": "@pipeline()?.TriggeredByPipelineRunId",
							"type": "Expression"
						},
						"logTimeStamp": {
							"value": "@formatDateTime(convertFromUtc(utcNow(),'India Standard Time'),'yyyy-MM-dd HH:mm:ss')",
							"type": "Expression"
						}
					}
				},
				"linkedServiceName": {
					"referenceName": "ls_compute",
					"type": "LinkedServiceReference"
				}
			},
			{
				"name": "copy_fail_log",
				"type": "DatabricksNotebook",
				"dependsOn": [
					{
						"activity": "silver_to_gold",
						"dependencyConditions": [
							"Failed"
						]
					}
				],
				"policy": {
					"timeout": "0.12:00:00",
					"retry": 0,
					"retryIntervalInSeconds": 30,
					"secureOutput": false,
					"secureInput": false
				},
				"userProperties": [],
				"typeProperties": {
					"notebookPath": "/fmcg_notebook/log_record_tbl_insert",
					"baseParameters": {
						"env": {
							"value": "@pipeline().globalParameters.env",
							"type": "Expression"
						},
						"pipeLineName": {
							"value": "@pipeline().Pipeline",
							"type": "Expression"
						},
						"logMessage": {
							"value": "@concat('Failed to copy ',pipeline().parameters.metadata_value.source_file_or_table_name,' to silver')",
							"type": "Expression"
						},
						"status": {
							"value": "@concat('Error: ',activity('silver_to_gold').Error.Message)",
							"type": "Expression"
						},
						"triggerType": {
							"value": "@pipeline().TriggerType",
							"type": "Expression"
						},
						"loadId": {
							"value": "@pipeline()?.TriggeredByPipelineRunId",
							"type": "Expression"
						},
						"logTimeStamp": {
							"value": "@formatDateTime(convertFromUtc(utcNow(),'India Standard Time'),'yyyy-MM-dd HH:mm:ss')",
							"type": "Expression"
						}
					}
				},
				"linkedServiceName": {
					"referenceName": "ls_compute",
					"type": "LinkedServiceReference"
				}
			}
		],
		"parameters": {
			"metadata_value": {
				"type": "object"
			},
			"pipeline_start_time": {
				"type": "string"
			}
		},
		"annotations": []
	}
}