{
	"name": "fmcg_mysql_landing",
	"properties": {
		"activities": [
			{
				"name": "metadatalookup",
				"type": "Lookup",
				"dependsOn": [],
				"policy": {
					"timeout": "0.12:00:00",
					"retry": 0,
					"retryIntervalInSeconds": 30,
					"secureOutput": false,
					"secureInput": false
				},
				"userProperties": [],
				"typeProperties": {
					"source": {
						"type": "AzureDatabricksDeltaLakeSource",
						"query": {
							"value": "@concat('select control.source_ref_id,control.job_id, control.server_name, control.port, control.database_name, control.user_name, control.secret_name, control.storage_account, control.adls_url, control.container_name, control.logic_app_url, control.email_id, param.source_file_or_table_name, param.adls_file_path, param.bronze_schema, param.bronze_tbl, param.silver_schema, param.silver_tbl, param.gold_schema, param.gold_tbl from ',pipeline().parameters.metadata_database,'.tbl_source_control as control join ',pipeline().parameters.metadata_database,'.tbl_parameter as param on control.job_id = param.job_id where param.job_id = ',pipeline().parameters.job_id)",
							"type": "Expression"
						}
					},
					"dataset": {
						"referenceName": "ds_deltalake",
						"type": "DatasetReference"
					},
					"firstRowOnly": false
				}
			},
			{
				"name": "ForEach",
				"type": "ForEach",
				"dependsOn": [
					{
						"activity": "metadatalookup",
						"dependencyConditions": [
							"Succeeded"
						]
					},
					{
						"activity": "pipeline_start_time",
						"dependencyConditions": [
							"Succeeded"
						]
					}
				],
				"userProperties": [],
				"typeProperties": {
					"items": {
						"value": "@activity('metadatalookup').output.value",
						"type": "Expression"
					},
					"isSequential": true,
					"activities": [
						{
							"name": "Copy_src_data",
							"type": "Copy",
							"dependsOn": [],
							"policy": {
								"timeout": "0.12:00:00",
								"retry": 0,
								"retryIntervalInSeconds": 30,
								"secureOutput": false,
								"secureInput": false
							},
							"userProperties": [],
							"typeProperties": {
								"source": {
									"type": "MySqlSource",
									"query": {
										"value": "@concat('select * from ',item().source_file_or_table_name)",
										"type": "Expression"
									}
								},
								"sink": {
									"type": "ParquetSink",
									"storeSettings": {
										"type": "AzureBlobFSWriteSettings"
									},
									"formatSettings": {
										"type": "ParquetWriteSettings"
									}
								},
								"enableStaging": false,
								"translator": {
									"type": "TabularTranslator",
									"typeConversion": true,
									"typeConversionSettings": {
										"allowDataTruncation": true,
										"treatBooleanAsNumber": false
									}
								}
							},
							"inputs": [
								{
									"referenceName": "ds_MySqlTable1",
									"type": "DatasetReference",
									"parameters": {
										"server_name": {
											"value": "@item().server_name",
											"type": "Expression"
										},
										"port": {
											"value": "@item().port",
											"type": "Expression"
										},
										"user_name": {
											"value": "@item().user_name",
											"type": "Expression"
										},
										"database_name": {
											"value": "@item().database_name",
											"type": "Expression"
										},
										"secret": {
											"value": "@item().secret_name",
											"type": "Expression"
										}
									}
								}
							],
							"outputs": [
								{
									"referenceName": "ds_adls_par",
									"type": "DatasetReference",
									"parameters": {
										"file_name": {
											"value": "@item().source_file_or_table_name",
											"type": "Expression"
										},
										"container": {
											"value": "@item().container_name",
											"type": "Expression"
										},
										"adls_file_path": {
											"value": "@item().adls_file_path",
											"type": "Expression"
										}
									}
								}
							]
						},
						{
							"name": "copy_sucess_log",
							"type": "DatabricksNotebook",
							"dependsOn": [
								{
									"activity": "Copy_src_data",
									"dependencyConditions": [
										"Succeeded"
									]
								}
							],
							"policy": {
								"timeout": "0.12:00:00",
								"retry": 0,
								"retryIntervalInSeconds": 30,
								"secureOutput": false,
								"secureInput": false
							},
							"userProperties": [],
							"typeProperties": {
								"notebookPath": "/fmcg_notebook/log_record_tbl_insert",
								"baseParameters": {
									"env": {
										"value": "@pipeline().globalParameters.env",
										"type": "Expression"
									},
									"pipeLineName": {
										"value": "@pipeline().Pipeline",
										"type": "Expression"
									},
									"logMessage": {
										"value": "@concat('sucessfully copied ',item().source_file_or_table_name,' to landing')",
										"type": "Expression"
									},
									"status": {
										"value": "sucess",
										"type": "Expression"
									},
									"triggerType": {
										"value": "@pipeline().TriggerType",
										"type": "Expression"
									},
									"loadId": {
										"value": "@pipeline().RunId",
										"type": "Expression"
									},
									"logTimeStamp": {
										"value": "@formatDateTime(convertFromUtc(utcNow(),'India Standard Time'),'yyyy-MM-dd HH:mm:ss')",
										"type": "Expression"
									}
								}
							},
							"linkedServiceName": {
								"referenceName": "ls_compute",
								"type": "LinkedServiceReference"
							}
						},
						{
							"name": "copy_fail_log",
							"type": "DatabricksNotebook",
							"dependsOn": [
								{
									"activity": "Copy_src_data",
									"dependencyConditions": [
										"Failed"
									]
								}
							],
							"policy": {
								"timeout": "0.12:00:00",
								"retry": 0,
								"retryIntervalInSeconds": 30,
								"secureOutput": false,
								"secureInput": false
							},
							"userProperties": [],
							"typeProperties": {
								"notebookPath": "/fmcg_notebook/log_record_tbl_insert",
								"baseParameters": {
									"env": {
										"value": "@pipeline().globalParameters.env",
										"type": "Expression"
									},
									"pipeLineName": {
										"value": "@pipeline().Pipeline",
										"type": "Expression"
									},
									"logMessage": {
										"value": "@concat('Failed to copy ',item().source_file_or_table_name,' to landing')",
										"type": "Expression"
									},
									"status": {
										"value": "@concat('Error: ',activity('Copy_src_data').Error.Message)",
										"type": "Expression"
									},
									"triggerType": {
										"value": "@pipeline().TriggerType",
										"type": "Expression"
									},
									"loadId": {
										"value": "@pipeline().RunId",
										"type": "Expression"
									},
									"logTimeStamp": {
										"value": "@formatDateTime(convertFromUtc(utcNow(),'India Standard Time'),'yyyy-MM-dd HH:mm:ss')",
										"type": "Expression"
									}
								}
							},
							"linkedServiceName": {
								"referenceName": "ls_compute",
								"type": "LinkedServiceReference"
							}
						},
						{
							"name": "compare_record",
							"type": "IfCondition",
							"dependsOn": [
								{
									"activity": "Copy_src_data",
									"dependencyConditions": [
										"Succeeded"
									]
								}
							],
							"userProperties": [],
							"typeProperties": {
								"expression": {
									"value": "@equals(activity('Copy_src_data').output.rowsRead,activity('Copy_src_data').output.rowsCopied)",
									"type": "Expression"
								},
								"ifFalseActivities": [
									{
										"name": "copy_mismatched",
										"type": "DatabricksNotebook",
										"dependsOn": [],
										"policy": {
											"timeout": "0.12:00:00",
											"retry": 0,
											"retryIntervalInSeconds": 30,
											"secureOutput": false,
											"secureInput": false
										},
										"userProperties": [],
										"typeProperties": {
											"notebookPath": "/fmcg_notebook/log_record_tbl_insert",
											"baseParameters": {
												"env": {
													"value": "@pipeline().globalParameters.env",
													"type": "Expression"
												},
												"pipeLineName": {
													"value": "@pipeline().Pipeline",
													"type": "Expression"
												},
												"logMessage": {
													"value": "@concat('copy record mismatched between source ',activity('Copy_src_data').output.rowsRead,' and target ',activity('Copy_src_data').output.rowsCopied)",
													"type": "Expression"
												},
												"status": {
													"value": "sucess",
													"type": "Expression"
												},
												"triggerType": {
													"value": "@pipeline().TriggerType",
													"type": "Expression"
												},
												"loadId": {
													"value": "@pipeline().RunId",
													"type": "Expression"
												},
												"logTimeStamp": {
													"value": "@formatDateTime(convertFromUtc(utcNow(),'India Standard Time'),'yyyy-MM-dd HH:mm:ss')",
													"type": "Expression"
												}
											}
										},
										"linkedServiceName": {
											"referenceName": "ls_compute",
											"type": "LinkedServiceReference"
										}
									},
									{
										"name": "failed",
										"type": "Fail",
										"dependsOn": [
											{
												"activity": "copy_mismatched",
												"dependencyConditions": [
													"Succeeded"
												]
											}
										],
										"userProperties": [],
										"typeProperties": {
											"message": "mismatched",
											"errorCode": "Error"
										}
									}
								],
								"ifTrueActivities": [
									{
										"name": "record matched",
										"type": "DatabricksNotebook",
										"dependsOn": [],
										"policy": {
											"timeout": "0.12:00:00",
											"retry": 0,
											"retryIntervalInSeconds": 30,
											"secureOutput": false,
											"secureInput": false
										},
										"userProperties": [],
										"typeProperties": {
											"notebookPath": "/fmcg_notebook/log_record_tbl_insert",
											"baseParameters": {
												"env": {
													"value": "@pipeline().globalParameters.env",
													"type": "Expression"
												},
												"pipeLineName": {
													"value": "@pipeline().Pipeline",
													"type": "Expression"
												},
												"logMessage": {
													"value": "@concat('Inserted ',activity('Copy_src_data').output.rowsCopied,' to landing')",
													"type": "Expression"
												},
												"status": {
													"value": "sucess",
													"type": "Expression"
												},
												"triggerType": {
													"value": "@pipeline().TriggerType",
													"type": "Expression"
												},
												"loadId": {
													"value": "@pipeline().RunId",
													"type": "Expression"
												},
												"logTimeStamp": {
													"value": "@formatDateTime(convertFromUtc(utcNow(),'India Standard Time'),'yyyy-MM-dd HH:mm:ss')",
													"type": "Expression"
												}
											}
										},
										"linkedServiceName": {
											"referenceName": "ls_compute",
											"type": "LinkedServiceReference"
										}
									}
								]
							}
						},
						{
							"name": "trigger_mysql_bronze",
							"type": "ExecutePipeline",
							"dependsOn": [
								{
									"activity": "compare_record",
									"dependencyConditions": [
										"Succeeded"
									]
								}
							],
							"policy": {
								"secureInput": false
							},
							"userProperties": [],
							"typeProperties": {
								"pipeline": {
									"referenceName": "fmcg_mysql_landing_bronze",
									"type": "PipelineReference"
								},
								"waitOnCompletion": true,
								"parameters": {
									"metadata_value": {
										"value": "@item()",
										"type": "Expression"
									},
									"pipeline_start_time": {
										"value": "@variables('start_time')",
										"type": "Expression"
									}
								}
							}
						},
						{
							"name": "archive",
							"type": "DatabricksNotebook",
							"dependsOn": [
								{
									"activity": "trigger_mysql_bronze",
									"dependencyConditions": [
										"Completed"
									]
								}
							],
							"policy": {
								"timeout": "0.12:00:00",
								"retry": 0,
								"retryIntervalInSeconds": 30,
								"secureOutput": false,
								"secureInput": false
							},
							"userProperties": [],
							"typeProperties": {
								"notebookPath": "/fmcg_setup/archrive/archive_source_files",
								"baseParameters": {
									"LoadID": {
										"value": "@pipeline().RunId",
										"type": "Expression"
									},
									"file_path": {
										"value": "@item().adls_file_path",
										"type": "Expression"
									},
									"source_file_name": {
										"value": "@item().source_file_or_table_name",
										"type": "Expression"
									},
									"storage_account_name": {
										"value": "@item().storage_account",
										"type": "Expression"
									}
								}
							},
							"linkedServiceName": {
								"referenceName": "ls_compute",
								"type": "LinkedServiceReference"
							}
						},
						{
							"name": "copy_fail_email",
							"type": "WebActivity",
							"dependsOn": [
								{
									"activity": "Copy_src_data",
									"dependencyConditions": [
										"Failed"
									]
								}
							],
							"policy": {
								"timeout": "0.12:00:00",
								"retry": 2,
								"retryIntervalInSeconds": 30,
								"secureOutput": false,
								"secureInput": false
							},
							"userProperties": [],
							"typeProperties": {
								"method": "POST",
								"url": {
									"value": "@item().logic_app_url",
									"type": "Expression"
								},
								"body": {
									"value": "{\n    \"to\":\"@{activity('metadatalookup').output.value[0].email_id}\",\n    \"subject\":\" @{concat('[',pipeline().globalParameters.env,']',pipeline().Pipeline,':[Source File Copy Failed]')}\",\n    \"email_body\":\"\n   \n    <!DOCTYPE html>\n<html>\n<body>\n    Hi all,<br/>\n    Please find below the status for @{pipeline().Pipeline}<br/><br/>\n    \n    <table>\n        <tr>\n            <th style='text-align: left;'>Parameters</th>\n            <th style='text-align: left;'>Value</th>\n        </tr>\n        <tr>\n            <td>JobID</td>\n            <td>@{pipeline().parameters.job_id}</td>\n        </tr>\n        <tr>\n            <td>Status</td>\n            <td><span style='color:Red';>Failed</span></td>\n        </tr>\n        <tr>\n            <td>Scheduled</td>\n            <td>@{pipeline().TriggerType}</td>\n        </tr>\n        <tr>\n            <td>LoadID</td>\n            <td>@{pipeline().RunId}</td>\n        </tr>\n        <tr>\n            <td>JobStart</td>\n            <td>@{variables('start_time')}</td>\n        </tr>\n        <tr>\n            <td>FileName</td>\n            <td>@{item().source_file_or_table_name}</td>\n        </tr>\n        <tr>\n            <td>Error</td>\n            <td>@{activity('Copy_src_data').Error.message\n}</td>\n        </tr>\n    </table><br/><br/><br/>\n    \n    <p>Clever Studies team.</p>\n</body>\n</html>\n    \"\n}",
									"type": "Expression"
								}
							}
						},
						{
							"name": "archive_fail_email",
							"type": "WebActivity",
							"dependsOn": [
								{
									"activity": "archive",
									"dependencyConditions": [
										"Failed"
									]
								}
							],
							"policy": {
								"timeout": "0.12:00:00",
								"retry": 2,
								"retryIntervalInSeconds": 30,
								"secureOutput": false,
								"secureInput": false
							},
							"userProperties": [],
							"typeProperties": {
								"method": "POST",
								"url": {
									"value": "@item().logic_app_url",
									"type": "Expression"
								},
								"body": {
									"value": "{\n    \"to\":\"@{item().email_id}\",\n    \"subject\":\" @{concat('[',pipeline().globalParameters.env,']',pipeline().Pipeline,':[Source File archive Failed]')}\",\n    \"email_body\":\"\n   \n    <!DOCTYPE html>\n<html>\n<body>\n    Hi all,<br/>\n    Please find below the status for @{pipeline().Pipeline}<br/><br/>\n    \n    <table>\n        <tr>\n            <th style='text-align: left;'>Parameters</th>\n            <th style='text-align: left;'>Value</th>\n        </tr>\n        <tr>\n            <td>JobID</td>\n            <td>@{pipeline().parameters.job_id}</td>\n        </tr>\n        <tr>\n            <td>Status</td>\n            <td><span style='color:Red';>Failed</span></td>\n        </tr>\n        <tr>\n            <td>Scheduled</td>\n            <td>@{pipeline().TriggerType}</td>\n        </tr>\n        <tr>\n            <td>LoadID</td>\n            <td>@{pipeline().RunId}</td>\n        </tr>\n        <tr>\n            <td>JobStart</td>\n            <td>@{variables('start_time')}</td>\n        </tr>\n        <tr>\n            <td>FileName</td>\n            <td>@{item().source_file_or_table_name}</td>\n        </tr>\n        <tr>\n            <td>Error</td>\n            <td>@{activity('archive').Error.message\n}</td>\n        </tr>\n    </table><br/><br/><br/>\n    \n    <p>Clever Studies team.</p>\n</body>\n</html>\n    \"\n}",
									"type": "Expression"
								}
							}
						},
						{
							"name": "trigger_silver",
							"type": "ExecutePipeline",
							"dependsOn": [
								{
									"activity": "trigger_mysql_bronze",
									"dependencyConditions": [
										"Succeeded"
									]
								}
							],
							"policy": {
								"secureInput": false
							},
							"userProperties": [],
							"typeProperties": {
								"pipeline": {
									"referenceName": "fmcg_bronze_to_silver",
									"type": "PipelineReference"
								},
								"waitOnCompletion": true,
								"parameters": {
									"metadata_value": {
										"value": "@item()",
										"type": "Expression"
									},
									"pipeline_start_time": {
										"value": "@variables('start_time')",
										"type": "Expression"
									}
								}
							}
						},
						{
							"name": "trigger_gold",
							"type": "ExecutePipeline",
							"dependsOn": [
								{
									"activity": "trigger_silver",
									"dependencyConditions": [
										"Succeeded"
									]
								}
							],
							"policy": {
								"secureInput": false
							},
							"userProperties": [],
							"typeProperties": {
								"pipeline": {
									"referenceName": "fmcg_silver_to_gold",
									"type": "PipelineReference"
								},
								"waitOnCompletion": true,
								"parameters": {
									"metadata_value": {
										"value": "@item()",
										"type": "Expression"
									},
									"pipeline_start_time": {
										"value": "@variables('start_time')",
										"type": "Expression"
									}
								}
							}
						}
					]
				}
			},
			{
				"name": "pipeline_start_time",
				"type": "SetVariable",
				"dependsOn": [],
				"policy": {
					"secureOutput": false,
					"secureInput": false
				},
				"userProperties": [],
				"typeProperties": {
					"variableName": "start_time",
					"value": {
						"value": "@formatDateTime(convertFromUtc(utcNow(),'India Standard Time'),'yyyy-MM-dd HH:mm:ss')",
						"type": "Expression"
					}
				}
			},
			{
				"name": "pipeline_inprogress_email",
				"type": "WebActivity",
				"dependsOn": [
					{
						"activity": "metadatalookup",
						"dependencyConditions": [
							"Succeeded"
						]
					}
				],
				"policy": {
					"timeout": "0.12:00:00",
					"retry": 2,
					"retryIntervalInSeconds": 30,
					"secureOutput": false,
					"secureInput": false
				},
				"userProperties": [],
				"typeProperties": {
					"method": "POST",
					"url": {
						"value": "@activity('metadatalookup').output.value[0].logic_app_url",
						"type": "Expression"
					},
					"body": {
						"value": "{\n    \"to\":\"@{activity('metadatalookup').output.value[0].email_id}\",\n    \"subject\":\" @{concat('[',pipeline().globalParameters.env,']',pipeline().Pipeline,':[InProgress]')}\",\n    \"email_body\":\"\n   \n    <!DOCTYPE html>\n<html>\n<body>\n    Hi all,<br/>\n    Please find below the status for @{pipeline().Pipeline}<br/><br/>\n    \n    <table>\n        <tr>\n            <th style='text-align: left;'>Parameters</th>\n            <th style='text-align: left;'>Value</th>\n        </tr>\n        <tr>\n            <td>JobID</td>\n            <td>@{pipeline().parameters.job_id}</td>\n        </tr>\n        <tr>\n            <td>Status</td>\n            <td><span style='color:Red';>In Progress</span></td>\n        </tr>\n        <tr>\n            <td>Scheduled</td>\n            <td>@{pipeline().TriggerType}</td>\n        </tr>\n        <tr>\n            <td>LoadID</td>\n            <td>@{pipeline().RunId}</td>\n        </tr>\n        <tr>\n            <td>JobStart</td>\n            <td>@{variables('start_time')}</td>\n        </tr>\n    </table><br/><br/><br/>\n    \n    <p>Clever Studies team.</p>\n</body>\n</html>\n    \"\n}",
						"type": "Expression"
					}
				}
			},
			{
				"name": "pipeline_success_email",
				"type": "WebActivity",
				"dependsOn": [
					{
						"activity": "ForEach",
						"dependencyConditions": [
							"Succeeded"
						]
					}
				],
				"policy": {
					"timeout": "0.12:00:00",
					"retry": 2,
					"retryIntervalInSeconds": 30,
					"secureOutput": false,
					"secureInput": false
				},
				"userProperties": [],
				"typeProperties": {
					"method": "POST",
					"url": {
						"value": "@activity('metadatalookup').output.value[0].logic_app_url",
						"type": "Expression"
					},
					"body": {
						"value": "{\r\n    \"to\":\"@{activity('metadatalookup').output.value[0].email_id}\",\r\n    \"subject\":\" @{concat('[',pipeline().globalParameters.env,']',pipeline().Pipeline,':[Completed]')}\",\r\n    \"email_body\":\"\r\n   \r\n    <!DOCTYPE html>\r\n<html>\r\n<body>\r\n    Hi all,<br/>\r\n    Please find below the status for @{pipeline().Pipeline}<br/><br/>\r\n    \r\n    <table>\r\n        <tr>\r\n            <th style='text-align: left;'>Parameters</th>\r\n            <th style='text-align: left;'>Value</th>\r\n        </tr>\r\n        <tr>\r\n            <td>JobID</td>\r\n            <td>@{pipeline().parameters.job_id}</td>\r\n        </tr>\r\n        <tr>\r\n            <td>Status</td>\r\n            <td><span style='color:Green';>Completed</span></td>\r\n        </tr>\r\n        <tr>\r\n            <td>Scheduled</td>\r\n            <td>@{pipeline().TriggerType}</td>\r\n        </tr>\r\n        <tr>\r\n            <td>LoadID</td>\r\n            <td>@{pipeline().RunId}</td>\r\n        </tr>\r\n        <tr>\r\n            <td>JobStart</td>\r\n            <td>@{variables('start_time')}</td>\r\n        </tr>\r\n        <tr>\r\n            <td>JobEnd</td>\r\n            <td>@{formatDateTime(convertFromUtc(utcNow(), 'India Standard Time'), 'yyyy-MM-dd HH:mm:ss')\r\n}</td>\r\n        </tr>\r\n    </table><br/><br/><br/>\r\n    \r\n    <p>Clever Studies team.</p>\r\n</body>\r\n</html>\r\n    \"\r\n}",
						"type": "Expression"
					}
				}
			},
			{
				"name": "pipeline_fail_email",
				"type": "WebActivity",
				"dependsOn": [
					{
						"activity": "ForEach",
						"dependencyConditions": [
							"Failed"
						]
					}
				],
				"policy": {
					"timeout": "0.12:00:00",
					"retry": 2,
					"retryIntervalInSeconds": 30,
					"secureOutput": false,
					"secureInput": false
				},
				"userProperties": [],
				"typeProperties": {
					"method": "POST",
					"url": {
						"value": "@activity('metadatalookup').output.value[0].logic_app_url",
						"type": "Expression"
					},
					"body": {
						"value": "{\r\n    \"to\":\"@{activity('metadatalookup').output.value[0].email_id}\",\r\n    \"subject\":\" @{concat('[',pipeline().globalParameters.env,']',pipeline().Pipeline,':[Failed]')}\",\r\n    \"email_body\":\"\r\n   \r\n    <!DOCTYPE html>\r\n<html>\r\n<body>\r\n    Hi all,<br/>\r\n    Please find below the status for @{pipeline().Pipeline}<br/><br/>\r\n    \r\n    <table>\r\n        <tr>\r\n            <th style='text-align: left;'>Parameters</th>\r\n            <th style='text-align: left;'>Value</th>\r\n        </tr>\r\n        <tr>\r\n            <td>JobID</td>\r\n            <td>@{pipeline().parameters.job_id}</td>\r\n        </tr>\r\n        <tr>\r\n            <td>Status</td>\r\n            <td><span style='color:Red';>Failed</span></td>\r\n        </tr>\r\n        <tr>\r\n            <td>Scheduled</td>\r\n            <td>@{pipeline().TriggerType}</td>\r\n        </tr>\r\n        <tr>\r\n            <td>LoadID</td>\r\n            <td>@{pipeline().RunId}</td>\r\n        </tr>\r\n        <tr>\r\n            <td>JobStart</td>\r\n            <td>@{variables('start_time')}</td>\r\n        </tr>\r\n        <tr>\r\n            <td>JobEnd</td>\r\n            <td>@{formatDateTime(convertFromUtc(utcNow(), 'India Standard Time'), 'yyyy-MM-dd HH:mm:ss')\r\n}</td>\r\n        </tr>\r\n    </table><br/><br/><br/>\r\n    \r\n    <p>Clever Studies team.</p>\r\n</body>\r\n</html>\r\n    \"\r\n}",
						"type": "Expression"
					}
				}
			}
		],
		"parameters": {
			"job_id": {
				"type": "string",
				"defaultValue": "102"
			},
			"metadata_database": {
				"type": "string",
				"defaultValue": "metadata_schema_new"
			}
		},
		"variables": {
			"start_time": {
				"type": "String"
			}
		},
		"annotations": []
	}
}