{
	"name": "fmcg_mysql_landing_bronze",
	"properties": {
		"activities": [
			{
				"name": "mysql_landing_to_bronze",
				"type": "DatabricksNotebook",
				"dependsOn": [],
				"policy": {
					"timeout": "0.12:00:00",
					"retry": 0,
					"retryIntervalInSeconds": 30,
					"secureOutput": false,
					"secureInput": false
				},
				"userProperties": [],
				"typeProperties": {
					"notebookPath": "/fmcg_notebook/mysql_bronze_ingestion",
					"baseParameters": {
						"LoadID": {
							"value": "@pipeline()?.TriggeredByPipelineRunId",
							"type": "Expression"
						},
						"bronze_schema": {
							"value": "@pipeline().parameters.metadata_value.bronze_schema",
							"type": "Expression"
						},
						"bronze_table": {
							"value": "@pipeline().parameters.metadata_value.bronze_tbl",
							"type": "Expression"
						},
						"env": {
							"value": "@pipeline().globalParameters.env",
							"type": "Expression"
						},
						"source_file_name": {
							"value": "@pipeline().parameters.metadata_value.source_file_or_table_name",
							"type": "Expression"
						},
						"storage_account_name": {
							"value": "@pipeline().parameters.metadata_value.storage_account",
							"type": "Expression"
						}
					}
				},
				"linkedServiceName": {
					"referenceName": "ls_compute",
					"type": "LinkedServiceReference"
				}
			},
			{
				"name": "copy_fail_log",
				"type": "DatabricksNotebook",
				"dependsOn": [
					{
						"activity": "mysql_landing_to_bronze",
						"dependencyConditions": [
							"Failed"
						]
					}
				],
				"policy": {
					"timeout": "0.12:00:00",
					"retry": 0,
					"retryIntervalInSeconds": 30,
					"secureOutput": false,
					"secureInput": false
				},
				"userProperties": [],
				"typeProperties": {
					"notebookPath": "/fmcg_notebook/log_record_tbl_insert",
					"baseParameters": {
						"env": {
							"value": "@pipeline().globalParameters.env",
							"type": "Expression"
						},
						"pipeLineName": {
							"value": "@pipeline().Pipeline",
							"type": "Expression"
						},
						"logMessage": {
							"value": "@concat('Failed to copy ',pipeline().parameters.metadata_value.source_file_or_table_name,' to bronze')",
							"type": "Expression"
						},
						"status": {
							"value": "@concat('Error: ',activity('mysql_landing_to_bronze').Error.Message)",
							"type": "Expression"
						},
						"triggerType": {
							"value": "@pipeline().TriggerType",
							"type": "Expression"
						},
						"loadId": {
							"value": "@pipeline()?.TriggeredByPipelineRunId",
							"type": "Expression"
						},
						"logTimeStamp": {
							"value": "@formatDateTime(convertFromUtc(utcNow(),'India Standard Time'),'yyyy-MM-dd HH:mm:ss')",
							"type": "Expression"
						}
					}
				},
				"linkedServiceName": {
					"referenceName": "ls_compute",
					"type": "LinkedServiceReference"
				}
			},
			{
				"name": "record_count",
				"type": "IfCondition",
				"dependsOn": [
					{
						"activity": "mysql_landing_to_bronze",
						"dependencyConditions": [
							"Succeeded"
						]
					}
				],
				"userProperties": [],
				"typeProperties": {
					"expression": {
						"value": "@equals(activity('mysql_landing_to_bronze').output.runOutput[0],activity('mysql_landing_to_bronze').output.runOutput[1])",
						"type": "Expression"
					},
					"ifFalseActivities": [
						{
							"name": "record_mismatched",
							"type": "DatabricksNotebook",
							"dependsOn": [],
							"policy": {
								"timeout": "0.12:00:00",
								"retry": 0,
								"retryIntervalInSeconds": 30,
								"secureOutput": false,
								"secureInput": false
							},
							"userProperties": [],
							"typeProperties": {
								"notebookPath": "/fmcg_notebook/log_record_tbl_insert",
								"baseParameters": {
									"env": {
										"value": "@pipeline().globalParameters.env",
										"type": "Expression"
									},
									"pipeLineName": {
										"value": "@pipeline().Pipeline",
										"type": "Expression"
									},
									"logMessage": {
										"value": "@concat(string(sub(activity('mysql_landing_to_bronze').output.runOutput[0],activity('mysql_landing_to_bronze').output.runOutput[1])),' file record copied to ',pipeline().parameters.metadata_value.bronze_tbl)",
										"type": "Expression"
									},
									"status": {
										"value": "Sucess",
										"type": "Expression"
									},
									"triggerType": {
										"value": "@pipeline().TriggerType",
										"type": "Expression"
									},
									"loadId": {
										"value": "@pipeline()?.TriggeredByPipelineRunId",
										"type": "Expression"
									},
									"logTimeStamp": {
										"value": "@formatDateTime(convertFromUtc(utcNow(),'India Standard Time'),'yyyy-MM-dd HH:mm:ss')",
										"type": "Expression"
									}
								}
							},
							"linkedServiceName": {
								"referenceName": "ls_compute",
								"type": "LinkedServiceReference"
							}
						}
					]
				}
			},
			{
				"name": "copy_success",
				"type": "DatabricksNotebook",
				"dependsOn": [
					{
						"activity": "mysql_landing_to_bronze",
						"dependencyConditions": [
							"Succeeded"
						]
					}
				],
				"policy": {
					"timeout": "0.12:00:00",
					"retry": 0,
					"retryIntervalInSeconds": 30,
					"secureOutput": false,
					"secureInput": false
				},
				"userProperties": [],
				"typeProperties": {
					"notebookPath": "/fmcg_notebook/log_record_tbl_insert",
					"baseParameters": {
						"env": {
							"value": "@pipeline().globalParameters.env",
							"type": "Expression"
						},
						"pipeLineName": {
							"value": "@pipeline().Pipeline",
							"type": "Expression"
						},
						"logMessage": {
							"value": "@concat('copied ',pipeline().parameters.metadata_value.source_file_or_table_name,' to bronze')",
							"type": "Expression"
						},
						"status": {
							"value": "sucess",
							"type": "Expression"
						},
						"triggerType": {
							"value": "@pipeline().TriggerType",
							"type": "Expression"
						},
						"loadId": {
							"value": "@pipeline()?.TriggeredByPipelineRunId",
							"type": "Expression"
						},
						"logTimeStamp": {
							"value": "@formatDateTime(convertFromUtc(utcNow(),'India Standard Time'),'yyyy-MM-dd HH:mm:ss')",
							"type": "Expression"
						}
					}
				},
				"linkedServiceName": {
					"referenceName": "ls_compute",
					"type": "LinkedServiceReference"
				}
			},
			{
				"name": "trigger_mysql_bronze_fail_email",
				"type": "WebActivity",
				"dependsOn": [
					{
						"activity": "mysql_landing_to_bronze",
						"dependencyConditions": [
							"Failed"
						]
					}
				],
				"policy": {
					"timeout": "0.12:00:00",
					"retry": 2,
					"retryIntervalInSeconds": 30,
					"secureOutput": false,
					"secureInput": false
				},
				"userProperties": [],
				"typeProperties": {
					"method": "POST",
					"url": {
						"value": "@pipeline().parameters.metadata_value.logic_app_url",
						"type": "Expression"
					},
					"body": {
						"value": "{\n    \"to\":\"@{pipeline().parameters.metadata_value.email_id}\",\n    \"subject\":\" @{concat('[',pipeline().globalParameters.env,']',pipeline().Pipeline,':[mysql_bronze_ingestion_fail]')}\",\n    \"email_body\":\"\n   \n    <!DOCTYPE html>\n<html>\n<body>\n    Hi all,<br/>\n    Please find below the status for @{pipeline().Pipeline}<br/><br/>\n    \n    <table>\n        <tr>\n            <th style='text-align: left;'>Parameters</th>\n            <th style='text-align: left;'>Value</th>\n        </tr>\n        <tr>\n            <td>JobID</td>\n            <td>@{pipeline().parameters.metadata_value.job_id}</td>\n        </tr>\n        <tr>\n            <td>Status</td>\n            <td><span style='color:Red';>Failed</span></td>\n        </tr>\n        <tr>\n            <td>Scheduled</td>\n            <td>@{pipeline().TriggerType}</td>\n        </tr>\n        <tr>\n            <td>LoadID</td>\n            <td>@{pipeline()?.TriggeredByPipelineRunId}</td>\n        </tr>\n        <tr>\n            <td>JobStart</td>\n            <td>@{pipeline().parameters.pipeline_start_time}</td>\n        </tr>\n        <tr>\n            <td>FileName</td>\n            <td>@{pipeline().parameters.metadata_value.source_file_or_table_name}</td>\n        </tr>\n        <tr>\n            <td>Error</td>\n            <td>@{activity('mysql_landing_to_bronze').Error.message}</td>\n        </tr>\n    </table><br/><br/><br/>\n    \n    <p>fmcg</p>\n</body>\n</html>\n    \"\n}",
						"type": "Expression"
					}
				}
			}
		],
		"parameters": {
			"metadata_value": {
				"type": "object"
			},
			"pipeline_start_time": {
				"type": "string"
			}
		},
		"annotations": []
	}
}