{
	"name": "fmcg_sftp_landing_to_bronze",
	"properties": {
		"activities": [
			{
				"name": "sftp_landing_to_bronze",
				"type": "DatabricksNotebook",
				"dependsOn": [],
				"policy": {
					"timeout": "0.12:00:00",
					"retry": 0,
					"retryIntervalInSeconds": 30,
					"secureOutput": false,
					"secureInput": false
				},
				"userProperties": [],
				"typeProperties": {
					"notebookPath": "/fmcg_notebook/sftp_bronze_ingestion",
					"baseParameters": {
						"LoadID": {
							"value": "@pipeline()?.TriggeredByPipelineRunId",
							"type": "Expression"
						},
						"bronze_schema": {
							"value": "@pipeline().parameters.metadata_value.bronze_schema",
							"type": "Expression"
						},
						"bronze_table": {
							"value": "@pipeline().parameters.metadata_value.bronze_tbl",
							"type": "Expression"
						},
						"env": {
							"value": "@pipeline().globalParameters.env",
							"type": "Expression"
						},
						"source_file_name": {
							"value": "@pipeline().parameters.metadata_value.source_file_or_table_name",
							"type": "Expression"
						},
						"storage_account_name": {
							"value": "@pipeline().parameters.metadata_value.storage_account",
							"type": "Expression"
						}
					}
				},
				"linkedServiceName": {
					"referenceName": "ls_compute",
					"type": "LinkedServiceReference"
				}
			},
			{
				"name": "copy_fail_log",
				"type": "DatabricksNotebook",
				"dependsOn": [
					{
						"activity": "sftp_landing_to_bronze",
						"dependencyConditions": [
							"Failed"
						]
					}
				],
				"policy": {
					"timeout": "0.12:00:00",
					"retry": 0,
					"retryIntervalInSeconds": 30,
					"secureOutput": false,
					"secureInput": false
				},
				"userProperties": [],
				"typeProperties": {
					"notebookPath": "/fmcg_notebook/log_record_tbl_insert",
					"baseParameters": {
						"env": {
							"value": "@pipeline().globalParameters.env",
							"type": "Expression"
						},
						"pipeLineName": {
							"value": "@pipeline().Pipeline",
							"type": "Expression"
						},
						"logMessage": {
							"value": "@concat('Failed to copy ',pipeline().parameters.metadata_value.source_file_or_table_name,' to bronze')",
							"type": "Expression"
						},
						"status": {
							"value": "@concat('Error: ',activity('sftp_landing_to_bronze').output.Error.Message)",
							"type": "Expression"
						},
						"triggerType": {
							"value": "@pipeline().TriggerType",
							"type": "Expression"
						},
						"loadId": {
							"value": "@pipeline()?.TriggeredByPipelineRunId",
							"type": "Expression"
						},
						"logTimeStamp": {
							"value": "@formatDateTime(convertFromUtc(utcNow(),'India Standard Time'),'yyyy-MM-dd HH:mm:ss')",
							"type": "Expression"
						}
					}
				},
				"linkedServiceName": {
					"referenceName": "ls_compute",
					"type": "LinkedServiceReference"
				}
			},
			{
				"name": "record_count",
				"type": "IfCondition",
				"dependsOn": [
					{
						"activity": "sftp_landing_to_bronze",
						"dependencyConditions": [
							"Succeeded"
						]
					}
				],
				"userProperties": [],
				"typeProperties": {
					"expression": {
						"value": "@equals(activity('sftp_landing_to_bronze').output.runOutput[0],activity('sftp_landing_to_bronze').output.runOutput[1])",
						"type": "Expression"
					},
					"ifFalseActivities": [
						{
							"name": "record_mismatched",
							"type": "DatabricksNotebook",
							"dependsOn": [],
							"policy": {
								"timeout": "0.12:00:00",
								"retry": 0,
								"retryIntervalInSeconds": 30,
								"secureOutput": false,
								"secureInput": false
							},
							"userProperties": [],
							"typeProperties": {
								"notebookPath": "/fmcg_notebook/log_record_tbl_insert",
								"baseParameters": {
									"env": {
										"value": "@pipeline().globalParameters.env",
										"type": "Expression"
									},
									"pipeLineName": {
										"value": "@pipeline().Pipeline",
										"type": "Expression"
									},
									"logMessage": {
										"value": "@concat(string(sub(activity('sftp_landing_to_bronze').output.runOutput[0],activity('sftp_landing_to_bronze').output.runOutput[1])),' file record copied to ',pipeline().parameters.metadata_value.bronze_tbl)",
										"type": "Expression"
									},
									"status": {
										"value": "Sucess",
										"type": "Expression"
									},
									"triggerType": {
										"value": "@pipeline().TriggerType",
										"type": "Expression"
									},
									"loadId": {
										"value": "@pipeline()?.TriggeredByPipelineRunId",
										"type": "Expression"
									},
									"logTimeStamp": {
										"value": "@formatDateTime(convertFromUtc(utcNow(),'India Standard Time'),'yyyy-MM-dd HH:mm:ss')",
										"type": "Expression"
									}
								}
							},
							"linkedServiceName": {
								"referenceName": "ls_compute",
								"type": "LinkedServiceReference"
							}
						}
					]
				}
			},
			{
				"name": "copy_success",
				"type": "DatabricksNotebook",
				"dependsOn": [
					{
						"activity": "sftp_landing_to_bronze",
						"dependencyConditions": [
							"Succeeded"
						]
					}
				],
				"policy": {
					"timeout": "0.12:00:00",
					"retry": 0,
					"retryIntervalInSeconds": 30,
					"secureOutput": false,
					"secureInput": false
				},
				"userProperties": [],
				"typeProperties": {
					"notebookPath": "/fmcg_notebook/log_record_tbl_insert",
					"baseParameters": {
						"env": {
							"value": "@pipeline().globalParameters.env",
							"type": "Expression"
						},
						"pipeLineName": {
							"value": "@pipeline().Pipeline",
							"type": "Expression"
						},
						"logMessage": {
							"value": "@concat('copied ',pipeline().parameters.metadata_value.source_file_or_table_name,' to bronze')",
							"type": "Expression"
						},
						"status": {
							"value": "sucess",
							"type": "Expression"
						},
						"triggerType": {
							"value": "@pipeline().TriggerType",
							"type": "Expression"
						},
						"loadId": {
							"value": "@pipeline()?.TriggeredByPipelineRunId",
							"type": "Expression"
						},
						"logTimeStamp": {
							"value": "@formatDateTime(convertFromUtc(utcNow(),'India Standard Time'),'yyyy-MM-dd HH:mm:ss')",
							"type": "Expression"
						}
					}
				},
				"linkedServiceName": {
					"referenceName": "ls_compute",
					"type": "LinkedServiceReference"
				}
			}
		],
		"parameters": {
			"metadata_value": {
				"type": "object"
			}
		},
		"annotations": []
	}
}