{
	"name": "fmcg_sftp_landing",
	"properties": {
		"activities": [
			{
				"name": "metalookup",
				"type": "Lookup",
				"dependsOn": [],
				"policy": {
					"timeout": "0.12:00:00",
					"retry": 0,
					"retryIntervalInSeconds": 30,
					"secureOutput": false,
					"secureInput": false
				},
				"userProperties": [],
				"typeProperties": {
					"source": {
						"type": "AzureDatabricksDeltaLakeSource",
						"query": {
							"value": "@concat('select control.source_ref_id, control.host_name, control.port, control.user_name, control.secret_name, control.storage_account, control.adls_url, control.container_name, control.logic_app_url, control.email_id, param.source_file_or_table_name, param.source_file_path, param.adls_file_path, param.bronze_schema, param.bronze_tbl, param.silver_schema, param.silver_tbl, param.gold_schema, param.gold_tbl from ', pipeline().parameters.metadata_database,'.tbl_source_control as control join ',pipeline().parameters.metadata_database,'.tbl_parameter as param on control.job_id = param.job_id where param.job_id = ',pipeline().parameters.job_id)",
							"type": "Expression"
						}
					},
					"dataset": {
						"referenceName": "ds_deltalake",
						"type": "DatasetReference"
					},
					"firstRowOnly": false
				}
			},
			{
				"name": "Get Metadata1",
				"type": "GetMetadata",
				"dependsOn": [
					{
						"activity": "metalookup",
						"dependencyConditions": [
							"Succeeded"
						]
					},
					{
						"activity": "Set variable",
						"dependencyConditions": [
							"Succeeded"
						]
					}
				],
				"policy": {
					"timeout": "0.12:00:00",
					"retry": 2,
					"retryIntervalInSeconds": 30,
					"secureOutput": false,
					"secureInput": false
				},
				"userProperties": [],
				"typeProperties": {
					"dataset": {
						"referenceName": "ds_sftp",
						"type": "DatasetReference",
						"parameters": {
							"host_name": {
								"value": "@activity('metalookup').output.value[0].host_name",
								"type": "Expression"
							},
							"port": {
								"value": "@activity('metalookup').output.value[0].port",
								"type": "Expression"
							},
							"user_name": {
								"value": "@activity('metalookup').output.value[0].user_name",
								"type": "Expression"
							},
							"secret": {
								"value": "@activity('metalookup').output.value[0].secret_name",
								"type": "Expression"
							},
							"source_file_path": {
								"value": "@activity('metalookup').output.value[0].source_file_path",
								"type": "Expression"
							},
							"file": {
								"value": "*",
								"type": "Expression"
							}
						}
					},
					"fieldList": [
						"childItems"
					],
					"storeSettings": {
						"type": "SftpReadSettings",
						"recursive": true,
						"enablePartitionDiscovery": false,
						"disableChunking": false
					},
					"formatSettings": {
						"type": "DelimitedTextReadSettings"
					}
				}
			},
			{
				"name": "count_record",
				"type": "IfCondition",
				"dependsOn": [
					{
						"activity": "Get Metadata1",
						"dependencyConditions": [
							"Succeeded"
						]
					}
				],
				"userProperties": [],
				"typeProperties": {
					"expression": {
						"value": "@greater(length(activity('Get Metadata1').output.childItems),0)",
						"type": "Expression"
					},
					"ifFalseActivities": [
						{
							"name": "zero_file",
							"type": "DatabricksNotebook",
							"dependsOn": [],
							"policy": {
								"timeout": "0.12:00:00",
								"retry": 0,
								"retryIntervalInSeconds": 30,
								"secureOutput": false,
								"secureInput": false
							},
							"userProperties": [],
							"typeProperties": {
								"notebookPath": "/fmcg_notebook/log_record_tbl_insert",
								"baseParameters": {
									"env": {
										"value": "@pipeline().globalParameters.env",
										"type": "Expression"
									},
									"pipeLineName": {
										"value": "@pipeline().Pipeline",
										"type": "Expression"
									},
									"logMessage": {
										"value": "Zero file present at sftp location",
										"type": "Expression"
									},
									"status": {
										"value": "sucess",
										"type": "Expression"
									},
									"triggerType": {
										"value": "@pipeline().TriggerType",
										"type": "Expression"
									},
									"loadId": {
										"value": "@pipeline().RunId",
										"type": "Expression"
									},
									"logTimeStamp": {
										"value": "@formatDateTime(convertFromUtc(utcNow(),'India Standard Time'),'yyyy-MM-dd HH:mm:ss')",
										"type": "Expression"
									}
								}
							},
							"linkedServiceName": {
								"referenceName": "ls_compute",
								"type": "LinkedServiceReference"
							}
						},
						{
							"name": "Fail_zero",
							"type": "Fail",
							"dependsOn": [
								{
									"activity": "zero_file",
									"dependencyConditions": [
										"Succeeded"
									]
								}
							],
							"userProperties": [],
							"typeProperties": {
								"message": "Zero file present at sftp location",
								"errorCode": "Zero file present at sftp location"
							}
						}
					],
					"ifTrueActivities": [
						{
							"name": "file present",
							"type": "DatabricksNotebook",
							"dependsOn": [],
							"policy": {
								"timeout": "0.12:00:00",
								"retry": 0,
								"retryIntervalInSeconds": 30,
								"secureOutput": false,
								"secureInput": false
							},
							"userProperties": [],
							"typeProperties": {
								"notebookPath": "/fmcg_notebook/log_record_tbl_insert",
								"baseParameters": {
									"env": {
										"value": "@pipeline().globalParameters.env",
										"type": "Expression"
									},
									"pipeLineName": {
										"value": "@pipeline().Pipeline",
										"type": "Expression"
									},
									"logMessage": {
										"value": "@concat(string(length(activity('Get Metadata1').output.childItems)),' file present at sftp to ingest')",
										"type": "Expression"
									},
									"status": {
										"value": "sucess",
										"type": "Expression"
									},
									"triggerType": {
										"value": "@pipeline().TriggerType",
										"type": "Expression"
									},
									"loadId": {
										"value": "@pipeline().RunId",
										"type": "Expression"
									},
									"logTimeStamp": {
										"value": "@formatDateTime(convertFromUtc(utcNow(),'India Standard Time'),'yyyy-MM-dd HH:mm:ss')",
										"type": "Expression"
									}
								}
							},
							"linkedServiceName": {
								"referenceName": "ls_compute",
								"type": "LinkedServiceReference"
							}
						}
					]
				}
			},
			{
				"name": "ForEach1",
				"type": "ForEach",
				"dependsOn": [
					{
						"activity": "If Condition1",
						"dependencyConditions": [
							"Succeeded"
						]
					}
				],
				"userProperties": [],
				"typeProperties": {
					"items": {
						"value": "@activity('metalookup').output.value",
						"type": "Expression"
					},
					"isSequential": true,
					"activities": [
						{
							"name": "Copy data1",
							"type": "Copy",
							"dependsOn": [],
							"policy": {
								"timeout": "0.12:00:00",
								"retry": 0,
								"retryIntervalInSeconds": 30,
								"secureOutput": false,
								"secureInput": false
							},
							"userProperties": [],
							"typeProperties": {
								"source": {
									"type": "DelimitedTextSource",
									"storeSettings": {
										"type": "SftpReadSettings",
										"recursive": true,
										"enablePartitionDiscovery": false,
										"disableChunking": false
									},
									"formatSettings": {
										"type": "DelimitedTextReadSettings"
									}
								},
								"sink": {
									"type": "DelimitedTextSink",
									"storeSettings": {
										"type": "AzureBlobFSWriteSettings"
									},
									"formatSettings": {
										"type": "DelimitedTextWriteSettings",
										"quoteAllText": true,
										"fileExtension": ".txt"
									}
								},
								"enableStaging": false,
								"translator": {
									"type": "TabularTranslator",
									"typeConversion": true,
									"typeConversionSettings": {
										"allowDataTruncation": true,
										"treatBooleanAsNumber": false
									}
								}
							},
							"inputs": [
								{
									"referenceName": "ds_sftp",
									"type": "DatasetReference",
									"parameters": {
										"host_name": {
											"value": "@item().host_name",
											"type": "Expression"
										},
										"port": {
											"value": "@item().port",
											"type": "Expression"
										},
										"user_name": {
											"value": "@item().user_name",
											"type": "Expression"
										},
										"secret": {
											"value": "@item().secret_name",
											"type": "Expression"
										},
										"source_file_path": {
											"value": "@item().source_file_path",
											"type": "Expression"
										},
										"file": {
											"value": "@item().source_file_or_table_name",
											"type": "Expression"
										}
									}
								}
							],
							"outputs": [
								{
									"referenceName": "ds_adls",
									"type": "DatasetReference",
									"parameters": {
										"file_name": {
											"value": "@item().source_file_or_table_name",
											"type": "Expression"
										},
										"container": {
											"value": "@item().container_name",
											"type": "Expression"
										}
									}
								}
							]
						},
						{
							"name": "copy_sucess_log",
							"type": "DatabricksNotebook",
							"dependsOn": [
								{
									"activity": "Copy data1",
									"dependencyConditions": [
										"Succeeded"
									]
								}
							],
							"policy": {
								"timeout": "0.12:00:00",
								"retry": 0,
								"retryIntervalInSeconds": 30,
								"secureOutput": false,
								"secureInput": false
							},
							"userProperties": [],
							"typeProperties": {
								"notebookPath": "/fmcg_notebook/log_record_tbl_insert",
								"baseParameters": {
									"env": {
										"value": "@pipeline().globalParameters.env",
										"type": "Expression"
									},
									"pipeLineName": {
										"value": "@pipeline().Pipeline",
										"type": "Expression"
									},
									"logMessage": {
										"value": "@concat('sucessfully copied ',item().source_file_or_table_name,' to landing')",
										"type": "Expression"
									},
									"status": {
										"value": "sucess",
										"type": "Expression"
									},
									"triggerType": {
										"value": "@pipeline().TriggerType",
										"type": "Expression"
									},
									"loadId": {
										"value": "@pipeline().RunId",
										"type": "Expression"
									},
									"logTimeStamp": {
										"value": "@formatDateTime(convertFromUtc(utcNow(),'India Standard Time'),'yyyy-MM-dd HH:mm:ss')",
										"type": "Expression"
									}
								}
							},
							"linkedServiceName": {
								"referenceName": "ls_compute",
								"type": "LinkedServiceReference"
							}
						},
						{
							"name": "copy_fail_log",
							"type": "DatabricksNotebook",
							"dependsOn": [
								{
									"activity": "Copy data1",
									"dependencyConditions": [
										"Failed"
									]
								}
							],
							"policy": {
								"timeout": "0.12:00:00",
								"retry": 0,
								"retryIntervalInSeconds": 30,
								"secureOutput": false,
								"secureInput": false
							},
							"userProperties": [],
							"typeProperties": {
								"notebookPath": "/fmcg_notebook/log_record_tbl_insert",
								"baseParameters": {
									"env": {
										"value": "@pipeline().globalParameters.env",
										"type": "Expression"
									},
									"pipeLineName": {
										"value": "@pipeline().Pipeline",
										"type": "Expression"
									},
									"logMessage": {
										"value": "@concat('Failed to copy ',item().source_file_or_table_name,' to landing')",
										"type": "Expression"
									},
									"status": {
										"value": "@concat('Error: ',activity('Copy data1').Error.Message)",
										"type": "Expression"
									},
									"triggerType": {
										"value": "@pipeline().TriggerType",
										"type": "Expression"
									},
									"loadId": {
										"value": "@pipeline().RunId",
										"type": "Expression"
									},
									"logTimeStamp": {
										"value": "@formatDateTime(convertFromUtc(utcNow(),'India Standard Time'),'yyyy-MM-dd HH:mm:ss')",
										"type": "Expression"
									}
								}
							},
							"linkedServiceName": {
								"referenceName": "ls_compute",
								"type": "LinkedServiceReference"
							}
						},
						{
							"name": "trigger_sftp_bronze",
							"type": "ExecutePipeline",
							"dependsOn": [
								{
									"activity": "copy_sucess_log",
									"dependencyConditions": [
										"Succeeded"
									]
								}
							],
							"policy": {
								"secureInput": false
							},
							"userProperties": [],
							"typeProperties": {
								"pipeline": {
									"referenceName": "fmcg_sftp_landing_to_bronze",
									"type": "PipelineReference"
								},
								"waitOnCompletion": true,
								"parameters": {
									"metadata_value": {
										"value": "@item()",
										"type": "Expression"
									}
								}
							}
						},
						{
							"name": "archive",
							"type": "DatabricksNotebook",
							"dependsOn": [
								{
									"activity": "trigger_sftp_bronze",
									"dependencyConditions": [
										"Completed"
									]
								}
							],
							"policy": {
								"timeout": "0.12:00:00",
								"retry": 0,
								"retryIntervalInSeconds": 30,
								"secureOutput": false,
								"secureInput": false
							},
							"userProperties": [],
							"typeProperties": {
								"notebookPath": "/fmcg_setup/archrive/archive_source_files",
								"baseParameters": {
									"LoadID": {
										"value": "@pipeline().RunId",
										"type": "Expression"
									},
									"file_path": {
										"value": "@item().adls_file_path",
										"type": "Expression"
									},
									"source_file_name": {
										"value": "@item().source_file_or_table_name",
										"type": "Expression"
									},
									"storage_account_name": {
										"value": "@item().storage_account",
										"type": "Expression"
									}
								}
							},
							"linkedServiceName": {
								"referenceName": "ls_compute",
								"type": "LinkedServiceReference"
							}
						},
						{
							"name": "trigger_sftp_silver",
							"type": "ExecutePipeline",
							"dependsOn": [
								{
									"activity": "trigger_sftp_bronze",
									"dependencyConditions": [
										"Succeeded"
									]
								}
							],
							"policy": {
								"secureInput": false
							},
							"userProperties": [],
							"typeProperties": {
								"pipeline": {
									"referenceName": "fmcg_bronze_to_silver",
									"type": "PipelineReference"
								},
								"waitOnCompletion": true,
								"parameters": {
									"metadata_value": {
										"value": "@item()",
										"type": "Expression"
									}
								}
							}
						},
						{
							"name": "sftp_copy_fail_alert",
							"type": "WebActivity",
							"dependsOn": [
								{
									"activity": "Copy data1",
									"dependencyConditions": [
										"Failed"
									]
								}
							],
							"policy": {
								"timeout": "0.12:00:00",
								"retry": 0,
								"retryIntervalInSeconds": 30,
								"secureOutput": false,
								"secureInput": false
							},
							"userProperties": [],
							"typeProperties": {
								"method": "POST",
								"url": {
									"value": "https://prod-79.eastus.logic.azure.com:443/workflows/4563899dd8744427b8395e2dd6b254de/triggers/When_a_HTTP_request_is_received/paths/invoke?api-version=2016-10-01&sp=%2Ftriggers%2FWhen_a_HTTP_request_is_received%2Frun&sv=1.0&sig=B1bv3nXvTS89VfV3Tzct3kg5gEjs4vZRXVN4kY_A7GU",
									"type": "Expression"
								},
								"body": {
									"value": "{\n    \"to\":\"@{activity('metalookup').output.value[0].email_id}\",\n    \"subject\":\" @{concat('[',pipeline().globalParameters.env,']',pipeline().Pipeline,':[Source File Copy Failed]')}\",\n    \"email_body\":\"\n   \n    <!DOCTYPE html>\n<html>\n<body>\n    Hi all,<br/>\n    Please find below the status for @{pipeline().Pipeline}<br/><br/>\n    \n    <table>\n        <tr>\n            <th style='text-align: left;'>Parameters</th>\n            <th style='text-align: left;'>Value</th>\n        </tr>\n        <tr>\n            <td>JobID</td>\n            <td>@{pipeline().parameters.job_id}</td>\n        </tr>\n        <tr>\n            <td>Status</td>\n            <td><span style='color:Red';>Failed</span></td>\n        </tr>\n        <tr>\n            <td>Scheduled</td>\n            <td>@{pipeline().TriggerType}</td>\n        </tr>\n        <tr>\n            <td>LoadID</td>\n            <td>@{pipeline().RunId}</td>\n        </tr>\n        <tr>\n            <td>JobStart</td>\n            <td>@{variables('start_time')}</td>\n        </tr>\n        <tr>\n            <td>FileName</td>\n            <td>@{item().source_file_name}</td>\n        </tr>\n        <tr>\n            <td>Error</td>\n            <td>@{activity('Copy data1').Error.message\n}</td>\n        </tr>\n    </table><br/><br/><br/>\n    \n    <p>fmcg.</p>\n</body>\n</html>\n    \"\n}",
									"type": "Expression"
								}
							}
						},
						{
							"name": "archive_fail_alert",
							"type": "WebActivity",
							"dependsOn": [
								{
									"activity": "archive",
									"dependencyConditions": [
										"Failed"
									]
								}
							],
							"policy": {
								"timeout": "0.12:00:00",
								"retry": 0,
								"retryIntervalInSeconds": 30,
								"secureOutput": false,
								"secureInput": false
							},
							"userProperties": [],
							"typeProperties": {
								"method": "POST",
								"url": {
									"value": "https://prod-79.eastus.logic.azure.com:443/workflows/4563899dd8744427b8395e2dd6b254de/triggers/When_a_HTTP_request_is_received/paths/invoke?api-version=2016-10-01&sp=%2Ftriggers%2FWhen_a_HTTP_request_is_received%2Frun&sv=1.0&sig=B1bv3nXvTS89VfV3Tzct3kg5gEjs4vZRXVN4kY_A7GU",
									"type": "Expression"
								},
								"body": {
									"value": "{\n    \"to\":\"@{activity('metalookup').output.value[0].email_id}\",\n    \"subject\":\" @{concat('[',pipeline().globalParameters.env,']',pipeline().Pipeline,':[Source File Copy Failed]')}\",\n    \"email_body\":\"\n   \n    <!DOCTYPE html>\n<html>\n<body>\n    Hi all,<br/>\n    Please find below the status for @{pipeline().Pipeline}<br/><br/>\n    \n    <table>\n        <tr>\n            <th style='text-align: left;'>Parameters</th>\n            <th style='text-align: left;'>Value</th>\n        </tr>\n        <tr>\n            <td>JobID</td>\n            <td>@{pipeline().parameters.job_id}</td>\n        </tr>\n        <tr>\n            <td>Status</td>\n            <td><span style='color:Red';>Failed</span></td>\n        </tr>\n        <tr>\n            <td>Scheduled</td>\n            <td>@{pipeline().TriggerType}</td>\n        </tr>\n        <tr>\n            <td>LoadID</td>\n            <td>@{pipeline().RunId}</td>\n        </tr>\n        <tr>\n            <td>JobStart</td>\n            <td>@{variables('start_time')}</td>\n        </tr>\n        <tr>\n            <td>FileName</td>\n            <td>@{item().source_file_name}</td>\n        </tr>\n        <tr>\n            <td>Error</td>\n            <td>@{activity('archive').Error.message\n}</td>\n        </tr>\n    </table><br/><br/><br/>\n    \n    <p>fmcg.</p>\n</body>\n</html>\n    \"\n}",
									"type": "Expression"
								}
							}
						}
					]
				}
			},
			{
				"name": "Set variable",
				"type": "SetVariable",
				"dependsOn": [],
				"policy": {
					"secureOutput": false,
					"secureInput": false
				},
				"userProperties": [],
				"typeProperties": {
					"variableName": "start_time",
					"value": {
						"value": "@formatDateTime(convertFromUtc(utcNow(),'India Standard Time'),'yyyy-MM-dd HH:mm:ss')",
						"type": "Expression"
					}
				}
			},
			{
				"name": "pipeline_progress",
				"type": "WebActivity",
				"dependsOn": [
					{
						"activity": "metalookup",
						"dependencyConditions": [
							"Succeeded"
						]
					}
				],
				"policy": {
					"timeout": "0.12:00:00",
					"retry": 0,
					"retryIntervalInSeconds": 30,
					"secureOutput": false,
					"secureInput": false
				},
				"userProperties": [],
				"typeProperties": {
					"method": "POST",
					"url": {
						"value": "https://prod-79.eastus.logic.azure.com:443/workflows/4563899dd8744427b8395e2dd6b254de/triggers/When_a_HTTP_request_is_received/paths/invoke?api-version=2016-10-01&sp=%2Ftriggers%2FWhen_a_HTTP_request_is_received%2Frun&sv=1.0&sig=B1bv3nXvTS89VfV3Tzct3kg5gEjs4vZRXVN4kY_A7GU",
						"type": "Expression"
					},
					"body": {
						"value": "{\n    \"to\":\"@{activity('metalookup').output.value[0].email_id}\",\n    \"subject\":\" @{concat('[',pipeline().globalParameters.env,']',pipeline().Pipeline,':[InProgress]')}\",\n    \"email_body\":\"\n   \n    <!DOCTYPE html>\n<html>\n<body>\n    Hi all,<br/>\n    Please find below the status for @{pipeline().Pipeline}<br/><br/>\n    \n    <table>\n        <tr>\n            <th style='text-align: left;'>Parameters</th>\n            <th style='text-align: left;'>Value</th>\n        </tr>\n        <tr>\n            <td>JobID</td>\n            <td>@{pipeline().parameters.job_id}</td>\n        </tr>\n        <tr>\n            <td>Status</td>\n            <td><span style='color:Red';>In Progress</span></td>\n        </tr>\n        <tr>\n            <td>Scheduled</td>\n            <td>@{pipeline().TriggerType}</td>\n        </tr>\n        <tr>\n            <td>LoadID</td>\n            <td>@{pipeline().RunId}</td>\n        </tr>\n        <tr>\n            <td>JobStart</td>\n            <td>@{variables('start_time')}</td>\n        </tr>\n    </table><br/><br/><br/>\n    \n    <p>Clever Studies team.</p>\n</body>\n</html>\n    \"\n}",
						"type": "Expression"
					}
				}
			},
			{
				"name": "trigger_gold",
				"type": "ExecutePipeline",
				"dependsOn": [
					{
						"activity": "ForEach1",
						"dependencyConditions": [
							"Succeeded"
						]
					}
				],
				"policy": {
					"secureInput": false
				},
				"userProperties": [],
				"typeProperties": {
					"pipeline": {
						"referenceName": "fmcg_silver_to_gold",
						"type": "PipelineReference"
					},
					"waitOnCompletion": true,
					"parameters": {
						"metadata_value": {
							"value": "@activity('metalookup').output.value[0]",
							"type": "Expression"
						},
						"pipeline_start_time": {
							"value": "@variables('start_time')",
							"type": "Expression"
						}
					}
				}
			},
			{
				"name": "sftp_pipeline_fail_alert",
				"type": "WebActivity",
				"dependsOn": [
					{
						"activity": "ForEach1",
						"dependencyConditions": [
							"Failed"
						]
					}
				],
				"policy": {
					"timeout": "0.12:00:00",
					"retry": 0,
					"retryIntervalInSeconds": 30,
					"secureOutput": false,
					"secureInput": false
				},
				"userProperties": [],
				"typeProperties": {
					"method": "POST",
					"url": {
						"value": "https://prod-79.eastus.logic.azure.com:443/workflows/4563899dd8744427b8395e2dd6b254de/triggers/When_a_HTTP_request_is_received/paths/invoke?api-version=2016-10-01&sp=%2Ftriggers%2FWhen_a_HTTP_request_is_received%2Frun&sv=1.0&sig=B1bv3nXvTS89VfV3Tzct3kg5gEjs4vZRXVN4kY_A7GU",
						"type": "Expression"
					},
					"body": {
						"value": "{\n    \"to\":\"@{activity('metalookup').output.value[0].email_id}\",\n    \"subject\":\" @{concat('[',pipeline().globalParameters.env,']',pipeline().Pipeline,':[Failed]')}\",\n    \"email_body\":\"\n   \n    <!DOCTYPE html>\n<html>\n<body>\n    Hi all,<br/>\n    Please find below the status for @{pipeline().Pipeline}<br/><br/>\n    \n    <table>\n        <tr>\n            <th style='text-align: left;'>Parameters</th>\n            <th style='text-align: left;'>Value</th>\n        </tr>\n        <tr>\n            <td>JobID</td>\n            <td>@{pipeline().parameters.job_id}</td>\n        </tr>\n        <tr>\n            <td>Status</td>\n            <td><span style='color:Red';>Failed</span></td>\n        </tr>\n        <tr>\n            <td>Scheduled</td>\n            <td>@{pipeline().TriggerType}</td>\n        </tr>\n        <tr>\n            <td>LoadID</td>\n            <td>@{pipeline().RunId}</td>\n        </tr>\n        <tr>\n            <td>JobStart</td>\n            <td>@{variables('start_time')}</td>\n        </tr>\n        <tr>\n            <td>JobEnd</td>\n            <td>@{formatDateTime(convertFromUtc(utcNow(), 'India Standard Time'), 'yyyy-MM-dd HH:mm:ss')\n}</td>\n        </tr>\n    </table><br/><br/><br/>\n    \n    <p>fmcg</p>\n</body>\n</html>\n    \"\n}",
						"type": "Expression"
					}
				}
			},
			{
				"name": "sftp_pipeline_fail_alert_copy1",
				"type": "WebActivity",
				"dependsOn": [
					{
						"activity": "trigger_gold",
						"dependencyConditions": [
							"Succeeded"
						]
					}
				],
				"policy": {
					"timeout": "0.12:00:00",
					"retry": 0,
					"retryIntervalInSeconds": 30,
					"secureOutput": false,
					"secureInput": false
				},
				"userProperties": [],
				"typeProperties": {
					"method": "POST",
					"url": {
						"value": "https://prod-79.eastus.logic.azure.com:443/workflows/4563899dd8744427b8395e2dd6b254de/triggers/When_a_HTTP_request_is_received/paths/invoke?api-version=2016-10-01&sp=%2Ftriggers%2FWhen_a_HTTP_request_is_received%2Frun&sv=1.0&sig=B1bv3nXvTS89VfV3Tzct3kg5gEjs4vZRXVN4kY_A7GU",
						"type": "Expression"
					},
					"body": {
						"value": "{\n    \"to\":\"@{activity('metalookup').output.value[0].email_id}\",\n    \"subject\":\" @{concat('[',pipeline().globalParameters.env,']',pipeline().Pipeline,':[Completed]')}\",\n    \"email_body\":\"\n   \n    <!DOCTYPE html>\n<html>\n<body>\n    Hi all,<br/>\n    Please find below the status for @{pipeline().Pipeline}<br/><br/>\n    \n    <table>\n        <tr>\n            <th style='text-align: left;'>Parameters</th>\n            <th style='text-align: left;'>Value</th>\n        </tr>\n        <tr>\n            <td>JobID</td>\n            <td>@{pipeline().parameters.job_id}</td>\n        </tr>\n        <tr>\n            <td>Status</td>\n            <td><span style='color:Green';>Completed</span></td>\n        </tr>\n        <tr>\n            <td>Scheduled</td>\n            <td>@{pipeline().TriggerType}</td>\n        </tr>\n        <tr>\n            <td>LoadID</td>\n            <td>@{pipeline().RunId}</td>\n        </tr>\n        <tr>\n            <td>JobStart</td>\n            <td>@{variables('start_time')}</td>\n        </tr>\n        <tr>\n            <td>JobEnd</td>\n            <td>@{formatDateTime(convertFromUtc(utcNow(), 'India Standard Time'), 'yyyy-MM-dd HH:mm:ss')\n}</td>\n        </tr>\n    </table><br/><br/><br/>\n    \n    <p>fmcg</p>\n</body>\n</html>\n    \"\n}",
						"type": "Expression"
					}
				}
			},
			{
				"name": "Filter1",
				"type": "Filter",
				"dependsOn": [
					{
						"activity": "count_record",
						"dependencyConditions": [
							"Succeeded"
						]
					}
				],
				"userProperties": [],
				"typeProperties": {
					"items": {
						"value": "@activity('Get Metadata1').output.childItems",
						"type": "Expression"
					},
					"condition": {
						"value": "@and(startswith(item().name,'telecom_dim'),endswith(item().name,'.csv'))",
						"type": "Expression"
					}
				}
			},
			{
				"name": "If Condition1",
				"type": "IfCondition",
				"dependsOn": [
					{
						"activity": "Filter1",
						"dependencyConditions": [
							"Succeeded"
						]
					}
				],
				"userProperties": [],
				"typeProperties": {
					"expression": {
						"value": "@greater(length(activity('Filter1').output.value),0 ) ",
						"type": "Expression"
					},
					"ifFalseActivities": [
						{
							"name": "Fail1",
							"type": "Fail",
							"dependsOn": [],
							"userProperties": [],
							"typeProperties": {
								"message": "no  such file",
								"errorCode": "error 404"
							}
						}
					]
				}
			}
		],
		"parameters": {
			"job_id": {
				"type": "string",
				"defaultValue": "101"
			},
			"metadata_database": {
				"type": "string",
				"defaultValue": "metadata_schema_new"
			}
		},
		"variables": {
			"start_time": {
				"type": "String"
			}
		},
		"annotations": []
	}
}